{"cameraMode":{"drawMode":0,"name":"Shaded","section":"Shading Mode"},"sceneLighting":false,"audioPlay":false,"sceneViewState":{"m_AlwaysRefresh":true,"showFog":true,"showSkybox":false,"showFlares":true,"showImageEffects":true,"showParticleSystems":true,"showVisualEffectGraphs":true,"m_FxEnabled":true},"in2DMode":false,"pivot":{"x":0.3659999966621399,"y":1.2510000467300416,"z":1.0019999742507935},"rotation":{"x":-0.12559722363948823,"y":0.8039171695709229,"z":-0.18299011886119843,"w":-0.5517778396606445},"size":0.6224969029426575,"orthographic":false}