{"cameraMode":{"drawMode":0,"name":"Shaded","section":"Shading Mode"},"sceneLighting":false,"audioPlay":false,"sceneViewState":{"m_AlwaysRefresh":true,"showFog":true,"showSkybox":false,"showFlares":true,"showImageEffects":true,"showParticleSystems":true,"showVisualEffectGraphs":true,"m_FxEnabled":true},"in2DMode":false,"pivot":{"x":-0.6000000238418579,"y":0.5964999198913574,"z":0.6749999523162842},"rotation":{"x":-0.11115717887878418,"y":0.09497813135385513,"z":-0.01067444123327732,"w":-0.9892212152481079},"size":1.947546362876892,"orthographic":false}